scenario,frames,fps,meanMs,p50Ms,p95Ms,p99Ms,worstMs,over50,over100,dpr,calls,triangles
perf-board-switch-end,600,59.1,16.9,17.0,23.0,31.0,36.0,0,0,2.0,618,1270632
perf-deck-clip-600,600,60.0,16.7,17.0,18.0,27.0,30.0,0,0,2.0,428,1057048
perf-explode-600,600,60.0,16.7,17.0,18.0,24.0,32.0,0,0,2.0,428,1057048
perf-fullscreen-600,600,60.0,16.7,17.0,18.0,28.0,36.0,0,0,2.0,428,1057048
perf-ghost-600,600,60.0,16.7,17.0,18.0,24.0,30.0,0,0,2.0,428,1057048
perf-hat-close-orbit-600,600,60.0,16.7,17.0,18.0,23.0,32.0,0,0,2.0,428,1057048
perf-hat-close-zoom-orbit-600,600,59.2,16.9,17.0,25.0,35.0,55.0,1,0,2.0,428,1057048
perf-hat-isolated-600,600,59.3,16.9,17.0,24.0,36.0,53.0,2,0,2.0,65,707082
perf-parts-idle-start,600,60.0,16.7,17.0,18.0,23.0,25.0,0,0,2.0,619,1271304
perf-parts-orbit-600,600,60.0,16.7,17.0,18.0,23.0,25.0,0,0,2.0,619,1271304
perf-pi5-s04-guided-600,600,59.9,16.7,17.0,18.0,19.0,23.0,0,0,2.0,428,1057048
perf-pi5-s04-orbit-600,600,60.0,16.7,17.0,18.0,20.0,26.0,0,0,2.0,430,1058768
perf-s04-guided-replay2,246,59.7,16.8,17.0,18.0,23.0,33.0,0,0,2.0,409,1016044
perf-s04-guided-replay3,409,59.8,16.7,17.0,18.0,21.0,33.0,0,0,2.0,428,1057048
perf-s04-guided-replay4,600,59.9,16.7,17.0,18.0,19.0,26.0,0,0,2.0,392,685524
perf-s04-guided-start,30,58.0,17.2,17.0,26.0,33.0,33.0,0,0,2.0,428,1053576
perf-zero-s04-600,600,60.0,16.7,17.0,18.0,27.0,33.0,0,0,2.0,276,1042368
