scenario,frames,fps,meanMs,p50Ms,p95Ms,p99Ms,worstMs,over50,over100,width,height,dpr,calls,triangles
delivery-perf-parts-orbit,600,59.7,16.8,17.0,19.0,43.0,54.0,3,0,1121,704,2.0,619,1271304
delivery-perf-pi5-guided,600,60.0,16.7,17.0,19.0,21.0,27.0,0,0,1121,704,2.0,428,1057048
delivery-perf-hat-close,600,60.1,16.6,17.0,20.0,26.0,30.0,0,0,1121,704,2.0,428,1057048
delivery-perf-hat-isolated,600,60.2,16.6,17.0,20.0,28.0,31.0,0,0,1121,704,2.0,65,707082
delivery-perf-zero-s04,600,60.2,16.6,17.0,19.0,26.0,32.0,0,0,1121,704,2.0,276,1042368
delivery-perf-ghost,600,60.3,16.6,17.0,19.0,26.0,32.0,0,0,1121,704,2.0,428,1057048
delivery-perf-explode,600,60.0,16.7,17.0,23.0,34.0,45.0,0,0,1121,704,2.0,428,1057048
delivery-perf-clip,600,60.2,16.6,17.0,20.0,24.0,37.0,0,0,1121,704,2.0,428,1057048
delivery-perf-fullscreen-settled,600,60.0,16.7,17.0,18.0,26.0,31.0,0,0,1168,729,1.5,428,1057048
